Researcher of Interest,Homepage URL
Li QIU,https://eeqiu.people.ust.hk/?page_id=29
Ling SHI,https://eesling.home.ece.ust.hk
Kei May LAU,https://ece.hkust.edu.hk/eekmlau
Chi-Keung TANG,https://ieeexplore.ieee.org/author/37087155915
James Tin-Yau KWOK,https://cse.hkust.edu.hk/admin/people/faculty/profile/jamesk
Chi-Ying TSUI,https://seng.hkust.edu.hk/about/people/faculty/chi-ying-tsui
Jogesh K MUPPALA,https://www.linkedin.com/in/jogeshmuppala/?originalSubdomain=in
Dit-Yan YEUNG,https://cse.hkust.edu.hk/admin/people/faculty/profile/dyyeung
Volkan KURSUN,https://ieeexplore.ieee.org/author/37267138900
QIONG LUO,https://www.cse.ust.hk/~luo/
Weichuan YU,NA: exception
Vincent LAU,NA: exception
Chin TAU LEA,NA: exception
Chiew-Lan TAI,NA: exception
Frederick H LOCHOVSKY,NA: exception
Matthew MCKAY,NA: exception
Mordecai J GOLIN,NA: exception
Cunsheng DING,NA: exception
Lei CHEN,NA: exception
Zhiyoung FAN,NA: exception
Oscar AU,NA: exception
Wilfred Siu-Hung NG,NA: exception
Pedro SANDER,NA: exception
Nevin Lianwen ZHANG,NA: exception
Dekai WU,NA: exception
Tony F CHAN,NA: exception
Huamin QU,NA: exception
Shenghui SONG,NA: exception
Sunghun KIM,NA: exception
Pascale FUNG,NA: exception
Amine BERMAK,NA: exception
Siu-Wing CHENG,NA: exception
Hoi Sing KWOK,NA: exception
Qian ZHANG,NA: exception
Charles C ZHANG,NA: exception
Jianan QU,NA: exception
Kevin CHEN,NA: exception
Philip K T MOK,NA: exception
Jiang XU,NA: exception
Dik Lun LEE,NA: exception
Fangzhen LIN,NA: exception
James SHE,NA: exception
Shing Chi CHEUNG,NA: exception
Patrick YUE,NA: exception
Brahim BENSAOU,NA: exception
Roger Shu-Kwan CHENG,NA: exception
Bertram SHI,NA: exception
Lionel M NI,NA: exception
Brian Kan-Wing MAK,NA: exception
Daniel P PALOMAR,NA: exception
Mounir HAMDI,NA: exception
Andrew Wing-On POON,NA: exception
Mansun CHAN,NA: exception
Gary Shueng-Han CHAN,NA: exception
Levent YOBAS,NA: exception
Albert Chi-Shing CHUNG,NA: exception
Danny Hin-Kwok TSANG,NA: exception
Wing-Hung KI,NA: exception
Andrew B HORNER,NA: exception
George Jie YUAN,NA: exception
Ross MURCH,NA: exception
Ke YI,NA: exception
Man WONG,NA: exception
Bo LI,NA: exception
Wai Ho MOW,NA: exception
Raymond Chi-Wing WONG,NA: exception
Khaled BEN LETAIEF,NA: exception
Valdimir G CHIGRINOV,NA: exception
Howard Cam LUONG,NA: exception
Sunil ARYA,NA: exception
WONG Man Hon,NA: exception
LEUNG Kwong Sak,NA: exception
LEE Ho Man Jimmy,NA: exception
XU Qiang,NA: exception
LYU Rung Tsong Michael,NA: exception
TAO Yufei,NA: exception
BOGDANOV Andrej,NA: exception
MAK Sui Tung Terrence,NA: exception
SUN Hanqiu,NA: exception
LEE Pak Ching,NA: exception
LAU Lap Chi,NA: exception
JIA Jiaya Leo,NA: exception
HENG Pheng Ann,NA: exception
XU Lei,NA: exception
KING Kuo Chin Irwin,NA: exception
FU Wai Chee Ada,NA: exception
YU Xu Jeffery,NA: exception
YIP Yuk Lap Kevin,NA: exception
WONG Tien Tsin,NA: exception
WAH Wan Sang Benjamin,NA: exception
YOUNG Fung Yu,NA: exception
WONG Kin Hong,NA: exception
ZHANG Sheng Yu,NA: exception
Dr. H.W. Chan,NA: exception
Dr. R.C.K. Cheng,NA: exception
Professor B.C.M. Kao,NA: exception
Professor C.L. Wang,NA: exception
Professor F.C.M. Lau,NA: exception
Professor F.Y.L. Chin,NA: exception
Professor T.W. Lam,NA: exception
Professor W. Wang,NA: exception
Professor T.H. Tse,NA: exception
Professor D.W.L. Cheung,NA: exception
Professor Y.Z. Yu,NA: exception
Dr. C. Wu,NA: exception
Dr. H.T.T. Chan,NA: exception
Professor N. Mamoulis,NA: exception
Dr. K.P. Chan,NA: exception
"Dr NUTANONG, Sarana  陳伊",NA: exception
"Dr HANCKE, Gerhard Petrus  ",NA: exception
"Dr CHAN, Wing Kwong Ricky  陳榮光",NA: exception
"Dr LI, Shuaicheng  李帥成",NA: exception
"Dr WONG, Shek Duncan  王石",NA: exception
"Dr LEUNG, Wing Ho Howard  梁永豪",NA: exception
"Dr WANG, Jianping  汪建平",NA: exception
"Dr LU, Zheng  盧正",NA: exception
"Dr CHAN, Antoni Bert  陳萬師",NA: exception
"Dr LAU, Rynson W H  劉永雄",NA: exception
"Dr CHOW, Chi Yin Ted  周志賢",NA: exception
"Dr YANG, Qingxiong  楊慶雄",NA: exception
"Prof KWONG, Tak Wu Sam  鄺得互",NA: exception
"Dr LAM, Kam Yiu  林金耀",NA: exception
"Prof ZHANG, Qingfu  張青富",NA: exception
"Dr KEUNG, Wai Jacky  姜煒",NA: exception
"Dr CHUN, Hon Wai Andy  陳漢偉",NA: exception
"Dr XUE, Chun Jason  薛春",NA: exception
"Prof LI, Qing  李青",NA: exception
"Dr LI, Minming  李閩溟",NA: exception
"Dr XU, Hong Henry  徐宏",NA: exception
"Dr TAN, Chee Wei  陳志為",NA: exception
"Dr WANG, Cong  王聰",NA: exception
"Prof WANG, Lusheng  王魯生",NA: exception
"Dr WONG, Hau San Raymond  黃厚生",NA: exception
"Dr LEE, Chung Sing Victor  李仲誠",NA: exception
"Prof IP, Ho Shing Horace  葉豪盛",NA: exception
"Prof JIA, Xiaohua  賈小華",NA: exception
"Dr NGO, Chong Wah  楊宗樺",NA: exception
Li QIU,
Ling SHI,NA: exception
Kei May LAU,NA: exception
Chi-Keung TANG,NA: Homepage URL not found
James Tin-Yau KWOK,NA: Author not found
Chi-Ying TSUI,NA: Homepage URL not found
Jogesh K MUPPALA,NA: Homepage http://www.cse.ust.hk/~muppala/ returned error status code
Dit-Yan YEUNG,
Volkan KURSUN,NA: Homepage https://www.linkedin.com/in/volkan-kursun-6477798/?originalSubdomain=no returned error status code
QIONG LUO,
Weichuan YU,NA: exception
Vincent LAU,NA: exception
Chin TAU LEA,NA: Homepage URL not found
Chiew-Lan TAI,NA: Homepage URL not found
Frederick H LOCHOVSKY,NA: Author not found
Matthew MCKAY,NA: exception
Mordecai J GOLIN,NA: Author not found
Cunsheng DING,
Lei CHEN,NA: Homepage URL not found
Zhiyoung FAN,NA: Homepage http://www.ece.ust.hk/~eezfan/index.htm returned error status code
Oscar AU,NA: Homepage URL not found
Wilfred Siu-Hung NG,NA: Author not found
Pedro SANDER,NA: Homepage URL not found
Nevin Lianwen ZHANG,NA: Author not found
Dekai WU,
Tony F CHAN,NA: Homepage URL not found
Huamin QU,
Shenghui SONG,NA: exception
Sunghun KIM,
Pascale FUNG,NA: exception
Amine BERMAK,NA: exception
Siu-Wing CHENG,
Hoi Sing KWOK,NA: Author not found
Qian ZHANG,NA: Homepage URL not found
Charles C ZHANG,NA: Homepage URL not found
Jianan QU,NA: Homepage URL not found
Kevin CHEN,NA: exception
Philip K T MOK,NA: Homepage URL not found
Jiang XU,NA: Homepage URL not found
Dik Lun LEE,NA: Homepage URL not found
Fangzhen LIN,NA: Homepage URL not found
James SHE,
Shing Chi CHEUNG,
Patrick YUE,
Brahim BENSAOU,NA: Homepage URL not found
Roger Shu-Kwan CHENG,NA: Author not found
Bertram SHI,NA: exception
Lionel M NI,NA: Author not found
Brian Kan-Wing MAK,
Daniel P PALOMAR,
Mounir HAMDI,NA: Homepage URL not found
Andrew Wing-On POON,NA: Author not found
Mansun CHAN,NA: Homepage http://device.ust.hk/ returned error status code
Gary Shueng-Han CHAN,NA: Author not found
Levent YOBAS,NA: timeout
Albert Chi-Shing CHUNG,NA: Author not found
Danny Hin-Kwok TSANG,NA: Author not found
Wing-Hung KI,NA: Homepage URL not found
Andrew B HORNER,NA: Author not found
George Jie YUAN,NA: Author not found
Ross MURCH,NA: exception
Ke YI,NA: Homepage URL not found
Man WONG,NA: Homepage https://faculty.sustech.edu.cn/?tagid=keithwongmc&iscss=1&snapid=1&orderby=date&go=1&lang=en returned error status code
Bo LI,
Wai Ho MOW,NA: exception
Raymond Chi-Wing WONG,
Khaled BEN LETAIEF,NA: Author not found
Valdimir G CHIGRINOV,NA: Author not found
Howard Cam LUONG,NA: exception
Sunil ARYA,NA: Homepage URL not found
WONG Man Hon,NA: Homepage URL not found
LEUNG Kwong Sak,
LEE Ho Man Jimmy,NA: Author not found
XU Qiang,
LYU Rung Tsong Michael,NA: Author not found
TAO Yufei,
BOGDANOV Andrej,
MAK Sui Tung Terrence,NA: Author not found
SUN Hanqiu,
LEE Pak Ching,NA: Author not found
LAU Lap Chi,
JIA Jiaya Leo,NA: Author not found
HENG Pheng Ann,
XU Lei,"NA: Homepage http://www.cs.sjtu.edu.cn/~lxu/,%20%20http://www.cse.cuhk.edu.hk/~lxu/ returned error status code"
KING Kuo Chin Irwin,NA: Author not found
FU Wai Chee Ada,NA: Homepage URL not found
YU Xu Jeffery,NA: Homepage URL not found
YIP Yuk Lap Kevin,NA: Author not found
WONG Tien Tsin,
WAH Wan Sang Benjamin,NA: Author not found
YOUNG Fung Yu,NA: Author not found
WONG Kin Hong,NA: Homepage URL not found
ZHANG Sheng Yu,NA: Homepage URL not found
Dr. H.W. Chan,NA: Homepage URL not found
Dr. R.C.K. Cheng,NA: Homepage URL not found
Professor B.C.M. Kao,NA: Author not found
Professor C.L. Wang,NA: exception
Professor F.C.M. Lau,
Professor F.Y.L. Chin,NA: Author not found
Professor T.W. Lam,
Professor W. Wang,NA: Homepage URL not found
Professor T.H. Tse,
Professor D.W.L. Cheung,
Professor Y.Z. Yu,NA: exception
Dr. C. Wu,NA: Homepage URL not found
Dr. H.T.T. Chan,NA: exception
Professor N. Mamoulis,
Dr. K.P. Chan,NA: Homepage URL not found
"Dr NUTANONG, Sarana  陳伊",NA: Author not found
"Dr HANCKE, Gerhard Petrus  ",NA: Author not found
"Dr CHAN, Wing Kwong Ricky  陳榮光",NA: Author not found
"Dr LI, Shuaicheng  李帥成",NA: Author not found
"Dr WONG, Shek Duncan  王石",NA: Author not found
"Dr LEUNG, Wing Ho Howard  梁永豪",NA: Author not found
"Dr WANG, Jianping  汪建平",NA: Author not found
"Dr LU, Zheng  盧正",NA: Author not found
"Dr CHAN, Antoni Bert  陳萬師",NA: Author not found
"Dr LAU, Rynson W H  劉永雄",NA: Author not found
"Dr CHOW, Chi Yin Ted  周志賢",NA: Author not found
"Dr YANG, Qingxiong  楊慶雄",NA: Author not found
"Prof KWONG, Tak Wu Sam  鄺得互",NA: Author not found
"Dr LAM, Kam Yiu  林金耀",NA: Author not found
"Prof ZHANG, Qingfu  張青富",NA: Author not found
"Dr KEUNG, Wai Jacky  姜煒",NA: Author not found
"Dr CHUN, Hon Wai Andy  陳漢偉",NA: Author not found
"Dr XUE, Chun Jason  薛春",NA: Author not found
"Prof LI, Qing  李青",NA: Author not found
"Dr LI, Minming  李閩溟",NA: Author not found
"Dr XU, Hong Henry  徐宏",NA: Author not found
"Dr TAN, Chee Wei  陳志為",NA: Author not found
"Dr WANG, Cong  王聰",NA: Author not found
"Prof WANG, Lusheng  王魯生",NA: Author not found
"Dr WONG, Hau San Raymond  黃厚生",NA: Author not found
"Dr LEE, Chung Sing Victor  李仲誠",NA: Author not found
"Prof IP, Ho Shing Horace  葉豪盛",NA: Author not found
"Prof JIA, Xiaohua  賈小華",NA: Author not found
"Dr NGO, Chong Wah  楊宗樺",NA: Author not found
